<?xml version="1.0" encoding="UTF-8"?>
<spirit:component xmlns:xilinx="http://www.xilinx.com" xmlns:spirit="http://www.spiritconsortium.org/XMLSchema/SPIRIT/1685-2009" xmlns:xsi="http://www.w3.org/2001/XMLSchema-instance">
  <spirit:vendor>user.org</spirit:vendor>
  <spirit:library>user</spirit:library>
  <spirit:name>speaker</spirit:name>
  <spirit:version>1.0</spirit:version>
  <spirit:busInterfaces>
    <spirit:busInterface>
      <spirit:name>s_axis</spirit:name>
      <spirit:busType spirit:vendor="xilinx.com" spirit:library="interface" spirit:name="axis" spirit:version="1.0"/>
      <spirit:abstractionType spirit:vendor="xilinx.com" spirit:library="interface" spirit:name="axis_rtl" spirit:version="1.0"/>
      <spirit:slave/>
      <spirit:portMaps>
        <spirit:portMap>
          <spirit:logicalPort>
            <spirit:name>TDATA</spirit:name>
          </spirit:logicalPort>
          <spirit:physicalPort>
            <spirit:name>s_axis_tdata</spirit:name>
          </spirit:physicalPort>
        </spirit:portMap>
        <spirit:portMap>
          <spirit:logicalPort>
            <spirit:name>TLAST</spirit:name>
          </spirit:logicalPort>
          <spirit:physicalPort>
            <spirit:name>s_axis_tlast</spirit:name>
          </spirit:physicalPort>
        </spirit:portMap>
        <spirit:portMap>
          <spirit:logicalPort>
            <spirit:name>TVALID</spirit:name>
          </spirit:logicalPort>
          <spirit:physicalPort>
            <spirit:name>s_axis_tvalid</spirit:name>
          </spirit:physicalPort>
        </spirit:portMap>
        <spirit:portMap>
          <spirit:logicalPort>
            <spirit:name>TREADY</spirit:name>
          </spirit:logicalPort>
          <spirit:physicalPort>
            <spirit:name>s_axis_tready</spirit:name>
          </spirit:physicalPort>
        </spirit:portMap>
      </spirit:portMaps>
    </spirit:busInterface>
    <spirit:busInterface>
      <spirit:name>s_aresetn</spirit:name>
      <spirit:busType spirit:vendor="xilinx.com" spirit:library="signal" spirit:name="reset" spirit:version="1.0"/>
      <spirit:abstractionType spirit:vendor="xilinx.com" spirit:library="signal" spirit:name="reset_rtl" spirit:version="1.0"/>
      <spirit:slave/>
      <spirit:portMaps>
        <spirit:portMap>
          <spirit:logicalPort>
            <spirit:name>RST</spirit:name>
          </spirit:logicalPort>
          <spirit:physicalPort>
            <spirit:name>s_aresetn</spirit:name>
          </spirit:physicalPort>
        </spirit:portMap>
      </spirit:portMaps>
      <spirit:parameters>
        <spirit:parameter>
          <spirit:name>POLARITY</spirit:name>
          <spirit:value spirit:id="BUSIFPARAM_VALUE.S_ARESETN.POLARITY" spirit:choiceRef="choice_list_9d8b0d81">ACTIVE_LOW</spirit:value>
        </spirit:parameter>
      </spirit:parameters>
    </spirit:busInterface>
    <spirit:busInterface>
      <spirit:name>s_aclk</spirit:name>
      <spirit:busType spirit:vendor="xilinx.com" spirit:library="signal" spirit:name="clock" spirit:version="1.0"/>
      <spirit:abstractionType spirit:vendor="xilinx.com" spirit:library="signal" spirit:name="clock_rtl" spirit:version="1.0"/>
      <spirit:slave/>
      <spirit:portMaps>
        <spirit:portMap>
          <spirit:logicalPort>
            <spirit:name>CLK</spirit:name>
          </spirit:logicalPort>
          <spirit:physicalPort>
            <spirit:name>s_aclk</spirit:name>
          </spirit:physicalPort>
        </spirit:portMap>
      </spirit:portMaps>
      <spirit:parameters>
        <spirit:parameter>
          <spirit:name>ASSOCIATED_RESET</spirit:name>
          <spirit:value spirit:id="BUSIFPARAM_VALUE.S_ACLK.ASSOCIATED_RESET">s_aresetn</spirit:value>
        </spirit:parameter>
        <spirit:parameter>
          <spirit:name>ASSOCIATED_BUSIF</spirit:name>
          <spirit:value spirit:id="BUSIFPARAM_VALUE.S_ACLK.ASSOCIATED_BUSIF">s_axis</spirit:value>
        </spirit:parameter>
      </spirit:parameters>
    </spirit:busInterface>
  </spirit:busInterfaces>
  <spirit:model>
    <spirit:views>
      <spirit:view>
        <spirit:name>xilinx_anylanguagesynthesis</spirit:name>
        <spirit:displayName>Synthesis</spirit:displayName>
        <spirit:envIdentifier>:vivado.xilinx.com:synthesis</spirit:envIdentifier>
        <spirit:language>Verilog</spirit:language>
        <spirit:modelName>speaker</spirit:modelName>
        <spirit:fileSetRef>
          <spirit:localName>xilinx_anylanguagesynthesis_view_fileset</spirit:localName>
        </spirit:fileSetRef>
        <spirit:parameters>
          <spirit:parameter>
            <spirit:name>viewChecksum</spirit:name>
            <spirit:value>72025a87</spirit:value>
          </spirit:parameter>
        </spirit:parameters>
      </spirit:view>
      <spirit:view>
        <spirit:name>xilinx_anylanguagebehavioralsimulation</spirit:name>
        <spirit:displayName>Simulation</spirit:displayName>
        <spirit:envIdentifier>:vivado.xilinx.com:simulation</spirit:envIdentifier>
        <spirit:language>Verilog</spirit:language>
        <spirit:modelName>speaker</spirit:modelName>
        <spirit:fileSetRef>
          <spirit:localName>xilinx_anylanguagebehavioralsimulation_view_fileset</spirit:localName>
        </spirit:fileSetRef>
        <spirit:parameters>
          <spirit:parameter>
            <spirit:name>viewChecksum</spirit:name>
            <spirit:value>72025a87</spirit:value>
          </spirit:parameter>
        </spirit:parameters>
      </spirit:view>
      <spirit:view>
        <spirit:name>xilinx_xpgui</spirit:name>
        <spirit:displayName>UI Layout</spirit:displayName>
        <spirit:envIdentifier>:vivado.xilinx.com:xgui.ui</spirit:envIdentifier>
        <spirit:fileSetRef>
          <spirit:localName>xilinx_xpgui_view_fileset</spirit:localName>
        </spirit:fileSetRef>
        <spirit:parameters>
          <spirit:parameter>
            <spirit:name>viewChecksum</spirit:name>
            <spirit:value>05d79cb6</spirit:value>
          </spirit:parameter>
        </spirit:parameters>
      </spirit:view>
    </spirit:views>
    <spirit:ports>
      <spirit:port>
        <spirit:name>s_aclk</spirit:name>
        <spirit:wire>
          <spirit:direction>in</spirit:direction>
          <spirit:wireTypeDefs>
            <spirit:wireTypeDef>
              <spirit:typeName>std_logic</spirit:typeName>
              <spirit:viewNameRef>xilinx_anylanguagesynthesis</spirit:viewNameRef>
              <spirit:viewNameRef>xilinx_anylanguagebehavioralsimulation</spirit:viewNameRef>
            </spirit:wireTypeDef>
          </spirit:wireTypeDefs>
        </spirit:wire>
      </spirit:port>
      <spirit:port>
        <spirit:name>s_aresetn</spirit:name>
        <spirit:wire>
          <spirit:direction>in</spirit:direction>
          <spirit:wireTypeDefs>
            <spirit:wireTypeDef>
              <spirit:typeName>std_logic</spirit:typeName>
              <spirit:viewNameRef>xilinx_anylanguagesynthesis</spirit:viewNameRef>
              <spirit:viewNameRef>xilinx_anylanguagebehavioralsimulation</spirit:viewNameRef>
            </spirit:wireTypeDef>
          </spirit:wireTypeDefs>
        </spirit:wire>
      </spirit:port>
      <spirit:port>
        <spirit:name>EN</spirit:name>
        <spirit:wire>
          <spirit:direction>in</spirit:direction>
          <spirit:wireTypeDefs>
            <spirit:wireTypeDef>
              <spirit:typeName>std_logic</spirit:typeName>
              <spirit:viewNameRef>xilinx_anylanguagesynthesis</spirit:viewNameRef>
              <spirit:viewNameRef>xilinx_anylanguagebehavioralsimulation</spirit:viewNameRef>
            </spirit:wireTypeDef>
          </spirit:wireTypeDefs>
        </spirit:wire>
      </spirit:port>
      <spirit:port>
        <spirit:name>PWM_audio</spirit:name>
        <spirit:wire>
          <spirit:direction>out</spirit:direction>
          <spirit:wireTypeDefs>
            <spirit:wireTypeDef>
              <spirit:typeName>std_logic</spirit:typeName>
              <spirit:viewNameRef>xilinx_anylanguagesynthesis</spirit:viewNameRef>
              <spirit:viewNameRef>xilinx_anylanguagebehavioralsimulation</spirit:viewNameRef>
            </spirit:wireTypeDef>
          </spirit:wireTypeDefs>
        </spirit:wire>
      </spirit:port>
      <spirit:port>
        <spirit:name>PDM_sd</spirit:name>
        <spirit:wire>
          <spirit:direction>out</spirit:direction>
          <spirit:wireTypeDefs>
            <spirit:wireTypeDef>
              <spirit:typeName>std_logic</spirit:typeName>
              <spirit:viewNameRef>xilinx_anylanguagesynthesis</spirit:viewNameRef>
              <spirit:viewNameRef>xilinx_anylanguagebehavioralsimulation</spirit:viewNameRef>
            </spirit:wireTypeDef>
          </spirit:wireTypeDefs>
        </spirit:wire>
      </spirit:port>
      <spirit:port>
        <spirit:name>s_axis_tdata</spirit:name>
        <spirit:wire>
          <spirit:direction>in</spirit:direction>
          <spirit:vector>
            <spirit:left spirit:format="long" spirit:resolve="dependent" spirit:dependency="(spirit:decode(id(&apos;MODELPARAM_VALUE.DATA_WIDTH&apos;)) - 1)">15</spirit:left>
            <spirit:right spirit:format="long">0</spirit:right>
          </spirit:vector>
          <spirit:wireTypeDefs>
            <spirit:wireTypeDef>
              <spirit:typeName>std_logic_vector</spirit:typeName>
              <spirit:viewNameRef>xilinx_anylanguagesynthesis</spirit:viewNameRef>
              <spirit:viewNameRef>xilinx_anylanguagebehavioralsimulation</spirit:viewNameRef>
            </spirit:wireTypeDef>
          </spirit:wireTypeDefs>
          <spirit:driver>
            <spirit:defaultValue spirit:format="long">0</spirit:defaultValue>
          </spirit:driver>
        </spirit:wire>
      </spirit:port>
      <spirit:port>
        <spirit:name>s_axis_tlast</spirit:name>
        <spirit:wire>
          <spirit:direction>in</spirit:direction>
          <spirit:wireTypeDefs>
            <spirit:wireTypeDef>
              <spirit:typeName>std_logic</spirit:typeName>
              <spirit:viewNameRef>xilinx_anylanguagesynthesis</spirit:viewNameRef>
              <spirit:viewNameRef>xilinx_anylanguagebehavioralsimulation</spirit:viewNameRef>
            </spirit:wireTypeDef>
          </spirit:wireTypeDefs>
          <spirit:driver>
            <spirit:defaultValue spirit:format="long">0</spirit:defaultValue>
          </spirit:driver>
        </spirit:wire>
      </spirit:port>
      <spirit:port>
        <spirit:name>s_axis_tready</spirit:name>
        <spirit:wire>
          <spirit:direction>out</spirit:direction>
          <spirit:wireTypeDefs>
            <spirit:wireTypeDef>
              <spirit:typeName>reg</spirit:typeName>
              <spirit:viewNameRef>xilinx_anylanguagesynthesis</spirit:viewNameRef>
              <spirit:viewNameRef>xilinx_anylanguagebehavioralsimulation</spirit:viewNameRef>
            </spirit:wireTypeDef>
          </spirit:wireTypeDefs>
        </spirit:wire>
      </spirit:port>
      <spirit:port>
        <spirit:name>s_axis_tvalid</spirit:name>
        <spirit:wire>
          <spirit:direction>in</spirit:direction>
          <spirit:wireTypeDefs>
            <spirit:wireTypeDef>
              <spirit:typeName>std_logic</spirit:typeName>
              <spirit:viewNameRef>xilinx_anylanguagesynthesis</spirit:viewNameRef>
              <spirit:viewNameRef>xilinx_anylanguagebehavioralsimulation</spirit:viewNameRef>
            </spirit:wireTypeDef>
          </spirit:wireTypeDefs>
        </spirit:wire>
      </spirit:port>
    </spirit:ports>
    <spirit:modelParameters>
      <spirit:modelParameter xsi:type="spirit:nameValueTypeType" spirit:dataType="integer">
        <spirit:name>DATA_WIDTH</spirit:name>
        <spirit:displayName>Data Width</spirit:displayName>
        <spirit:value spirit:format="long" spirit:resolve="generated" spirit:id="MODELPARAM_VALUE.DATA_WIDTH">16</spirit:value>
      </spirit:modelParameter>
      <spirit:modelParameter spirit:dataType="integer">
        <spirit:name>AUD_SAMPLE_FREQ_HZ</spirit:name>
        <spirit:displayName>Aud Sample Freq Hz</spirit:displayName>
        <spirit:value spirit:format="long" spirit:resolve="generated" spirit:id="MODELPARAM_VALUE.AUD_SAMPLE_FREQ_HZ">44100</spirit:value>
      </spirit:modelParameter>
      <spirit:modelParameter spirit:dataType="integer">
        <spirit:name>SYSCLK_FREQ_MHZ</spirit:name>
        <spirit:displayName>Sysclk Freq Mhz</spirit:displayName>
        <spirit:value spirit:format="long" spirit:resolve="generated" spirit:id="MODELPARAM_VALUE.SYSCLK_FREQ_MHZ">100</spirit:value>
      </spirit:modelParameter>
    </spirit:modelParameters>
  </spirit:model>
  <spirit:choices>
    <spirit:choice>
      <spirit:name>choice_list_9d8b0d81</spirit:name>
      <spirit:enumeration>ACTIVE_HIGH</spirit:enumeration>
      <spirit:enumeration>ACTIVE_LOW</spirit:enumeration>
    </spirit:choice>
  </spirit:choices>
  <spirit:fileSets>
    <spirit:fileSet>
      <spirit:name>xilinx_anylanguagesynthesis_view_fileset</spirit:name>
      <spirit:file>
        <spirit:name>speaker.v</spirit:name>
        <spirit:fileType>verilogSource</spirit:fileType>
        <spirit:userFileType>CHECKSUM_72025a87</spirit:userFileType>
      </spirit:file>
    </spirit:fileSet>
    <spirit:fileSet>
      <spirit:name>xilinx_anylanguagebehavioralsimulation_view_fileset</spirit:name>
      <spirit:file>
        <spirit:name>speaker.v</spirit:name>
        <spirit:fileType>verilogSource</spirit:fileType>
      </spirit:file>
    </spirit:fileSet>
    <spirit:fileSet>
      <spirit:name>xilinx_xpgui_view_fileset</spirit:name>
      <spirit:file>
        <spirit:name>xgui/speaker_v1_0.tcl</spirit:name>
        <spirit:fileType>tclSource</spirit:fileType>
        <spirit:userFileType>CHECKSUM_05d79cb6</spirit:userFileType>
        <spirit:userFileType>XGUI_VERSION_2</spirit:userFileType>
      </spirit:file>
    </spirit:fileSet>
  </spirit:fileSets>
  <spirit:description>speaker_v1_0</spirit:description>
  <spirit:parameters>
    <spirit:parameter>
      <spirit:name>DATA_WIDTH</spirit:name>
      <spirit:displayName>Data Width</spirit:displayName>
      <spirit:value spirit:format="long" spirit:resolve="user" spirit:id="PARAM_VALUE.DATA_WIDTH">16</spirit:value>
    </spirit:parameter>
    <spirit:parameter>
      <spirit:name>AUD_SAMPLE_FREQ_HZ</spirit:name>
      <spirit:displayName>Aud Sample Freq Hz</spirit:displayName>
      <spirit:value spirit:format="long" spirit:resolve="user" spirit:id="PARAM_VALUE.AUD_SAMPLE_FREQ_HZ">44100</spirit:value>
    </spirit:parameter>
    <spirit:parameter>
      <spirit:name>SYSCLK_FREQ_MHZ</spirit:name>
      <spirit:displayName>Sysclk Freq Mhz</spirit:displayName>
      <spirit:value spirit:format="long" spirit:resolve="user" spirit:id="PARAM_VALUE.SYSCLK_FREQ_MHZ">100</spirit:value>
    </spirit:parameter>
    <spirit:parameter>
      <spirit:name>Component_Name</spirit:name>
      <spirit:value spirit:resolve="user" spirit:id="PARAM_VALUE.Component_Name" spirit:order="1">speaker_v1_0</spirit:value>
    </spirit:parameter>
  </spirit:parameters>
  <spirit:vendorExtensions>
    <xilinx:coreExtensions>
      <xilinx:supportedFamilies>
        <xilinx:family xilinx:lifeCycle="Production">kintex7</xilinx:family>
        <xilinx:family xilinx:lifeCycle="Production">kintex7l</xilinx:family>
        <xilinx:family xilinx:lifeCycle="Production">artix7</xilinx:family>
        <xilinx:family xilinx:lifeCycle="Production">artix7l</xilinx:family>
        <xilinx:family xilinx:lifeCycle="Production">aartix7</xilinx:family>
        <xilinx:family xilinx:lifeCycle="Production">zynq</xilinx:family>
        <xilinx:family xilinx:lifeCycle="Production">azynq</xilinx:family>
        <xilinx:family xilinx:lifeCycle="Production">spartan7</xilinx:family>
        <xilinx:family xilinx:lifeCycle="Production">aspartan7</xilinx:family>
        <xilinx:family xilinx:lifeCycle="Production">kintexuplus</xilinx:family>
        <xilinx:family xilinx:lifeCycle="Production">zynquplus</xilinx:family>
        <xilinx:family xilinx:lifeCycle="Production">kintexu</xilinx:family>
      </xilinx:supportedFamilies>
      <xilinx:taxonomies>
        <xilinx:taxonomy>/UserIP</xilinx:taxonomy>
      </xilinx:taxonomies>
      <xilinx:displayName>speaker_v1_0</xilinx:displayName>
      <xilinx:definitionSource>package_project</xilinx:definitionSource>
      <xilinx:coreRevision>11</xilinx:coreRevision>
      <xilinx:coreCreationDateTime>2020-06-09T19:28:45Z</xilinx:coreCreationDateTime>
      <xilinx:tags>
        <xilinx:tag xilinx:name="ui.data.coregen.dd@75e2bdfa_ARCHIVE_LOCATION">/home/angeline/Documents/ECE544/Projects_ip/speaker/speaker.srcs/sources_1/new</xilinx:tag>
        <xilinx:tag xilinx:name="ui.data.coregen.dd@20a720_ARCHIVE_LOCATION">/home/angeline/Documents/ECE544/Projects_ip/speaker/speaker.srcs/sources_1/new</xilinx:tag>
        <xilinx:tag xilinx:name="ui.data.coregen.dd@34080856_ARCHIVE_LOCATION">/home/angeline/Documents/ECE544/Projects_ip/speaker/speaker.srcs/sources_1/new</xilinx:tag>
        <xilinx:tag xilinx:name="ui.data.coregen.dd@5c1ff42f_ARCHIVE_LOCATION">/home/angeline/Documents/ECE544/Projects_ip/speaker/speaker.srcs/sources_1/new</xilinx:tag>
        <xilinx:tag xilinx:name="ui.data.coregen.dd@58460145_ARCHIVE_LOCATION">/home/angeline/Documents/ECE544/Projects_ip/speaker/speaker.srcs/sources_1/new</xilinx:tag>
        <xilinx:tag xilinx:name="ui.data.coregen.dd@1db91485_ARCHIVE_LOCATION">/home/angeline/Documents/ECE544/Projects_ip/speaker/speaker.srcs/sources_1/new</xilinx:tag>
        <xilinx:tag xilinx:name="ui.data.coregen.dd@62a41117_ARCHIVE_LOCATION">/home/angeline/Documents/ECE544/Projects_ip/speaker/speaker.srcs/sources_1/new</xilinx:tag>
        <xilinx:tag xilinx:name="ui.data.coregen.dd@7158a2a5_ARCHIVE_LOCATION">/home/angeline/Documents/ECE544/Projects_ip/speaker/speaker.srcs/sources_1/new</xilinx:tag>
        <xilinx:tag xilinx:name="ui.data.coregen.dd@34d1a977_ARCHIVE_LOCATION">/home/angeline/Documents/ECE544/Projects_ip/speaker/speaker.srcs/sources_1/new</xilinx:tag>
        <xilinx:tag xilinx:name="ui.data.coregen.dd@49ea1cea_ARCHIVE_LOCATION">/home/angeline/Documents/ECE544/Projects_ip/speaker/speaker.srcs/sources_1/new</xilinx:tag>
        <xilinx:tag xilinx:name="ui.data.coregen.dd@27c9876_ARCHIVE_LOCATION">/home/angeline/Documents/ECE544/Projects_ip/speaker/speaker.srcs/sources_1/new</xilinx:tag>
        <xilinx:tag xilinx:name="ui.data.coregen.dd@589943a8_ARCHIVE_LOCATION">/home/angeline/Documents/ECE544/Projects_ip/speaker/speaker.srcs/sources_1/new</xilinx:tag>
        <xilinx:tag xilinx:name="ui.data.coregen.dd@2ac7367b_ARCHIVE_LOCATION">/home/angeline/Documents/ECE544/Projects_ip/speaker/speaker.srcs/sources_1/new</xilinx:tag>
        <xilinx:tag xilinx:name="ui.data.coregen.dd@1b4b5a5f_ARCHIVE_LOCATION">/home/angeline/Documents/ECE544/Projects_ip/speaker/speaker.srcs/sources_1/new</xilinx:tag>
        <xilinx:tag xilinx:name="ui.data.coregen.dd@2ef19b5d_ARCHIVE_LOCATION">/home/angeline/Documents/ECE544/Projects_ip/speaker/speaker.srcs/sources_1/new</xilinx:tag>
        <xilinx:tag xilinx:name="ui.data.coregen.dd@2d808e3_ARCHIVE_LOCATION">/home/angeline/Documents/ECE544/Projects_ip/speaker/speaker.srcs/sources_1/new</xilinx:tag>
        <xilinx:tag xilinx:name="ui.data.coregen.dd@203ceda3_ARCHIVE_LOCATION">/home/angeline/Documents/ECE544/Projects_ip/speaker/speaker.srcs/sources_1/new</xilinx:tag>
        <xilinx:tag xilinx:name="ui.data.coregen.dd@566b1fea_ARCHIVE_LOCATION">/home/angeline/Documents/ECE544/Projects_ip/speaker/speaker.srcs/sources_1/new</xilinx:tag>
        <xilinx:tag xilinx:name="ui.data.coregen.dd@27211ae6_ARCHIVE_LOCATION">/home/angeline/Documents/ECE544/Projects_ip/speaker/speaker.srcs/sources_1/new</xilinx:tag>
        <xilinx:tag xilinx:name="ui.data.coregen.dd@26ea80d0_ARCHIVE_LOCATION">/home/angeline/Documents/ECE544/Projects_ip/speaker/speaker.srcs/sources_1/new</xilinx:tag>
        <xilinx:tag xilinx:name="ui.data.coregen.dd@39839070_ARCHIVE_LOCATION">/home/angeline/Documents/ECE544/Projects_ip/speaker/speaker.srcs/sources_1/new</xilinx:tag>
        <xilinx:tag xilinx:name="ui.data.coregen.dd@7c1f1d20_ARCHIVE_LOCATION">/home/angeline/Documents/ECE544/Projects_ip/speaker/speaker.srcs/sources_1/new</xilinx:tag>
        <xilinx:tag xilinx:name="ui.data.coregen.dd@27bac93b_ARCHIVE_LOCATION">/home/angeline/Documents/ECE544/Projects_ip/speaker/speaker.srcs/sources_1/new</xilinx:tag>
        <xilinx:tag xilinx:name="ui.data.coregen.dd@5eb29e85_ARCHIVE_LOCATION">/home/angeline/Documents/ECE544/Projects_ip/speaker/speaker.srcs/sources_1/new</xilinx:tag>
        <xilinx:tag xilinx:name="ui.data.coregen.dd@15f558db_ARCHIVE_LOCATION">/home/angeline/Documents/ECE544/Projects_ip/speaker/speaker.srcs/sources_1/new</xilinx:tag>
        <xilinx:tag xilinx:name="ui.data.coregen.dd@2bc3d2aa_ARCHIVE_LOCATION">/home/angeline/Documents/ECE544/Projects_ip/speaker/speaker.srcs/sources_1/new</xilinx:tag>
        <xilinx:tag xilinx:name="ui.data.coregen.dd@5b55c1f6_ARCHIVE_LOCATION">/home/angeline/Documents/ECE544/Projects_ip/speaker/speaker.srcs/sources_1/new</xilinx:tag>
        <xilinx:tag xilinx:name="ui.data.coregen.dd@3829befd_ARCHIVE_LOCATION">/home/angeline/Documents/ECE544/Projects_ip/speaker/speaker.srcs/sources_1/new</xilinx:tag>
        <xilinx:tag xilinx:name="ui.data.coregen.dd@36aed00d_ARCHIVE_LOCATION">/home/angeline/Documents/ECE544/Projects_ip/speaker/speaker.srcs/sources_1/new</xilinx:tag>
        <xilinx:tag xilinx:name="ui.data.coregen.dd@260ae272_ARCHIVE_LOCATION">/home/angeline/Documents/ECE544/Projects_ip/speaker/speaker.srcs/sources_1/new</xilinx:tag>
        <xilinx:tag xilinx:name="ui.data.coregen.dd@1e9357ad_ARCHIVE_LOCATION">/home/angeline/Documents/ECE544/Projects_ip/speaker/speaker.srcs/sources_1/new</xilinx:tag>
        <xilinx:tag xilinx:name="ui.data.coregen.dd@55c34340_ARCHIVE_LOCATION">/home/angeline/Documents/ECE544/Projects_ip/speaker/speaker.srcs/sources_1/new</xilinx:tag>
        <xilinx:tag xilinx:name="ui.data.coregen.dd@6b0283a2_ARCHIVE_LOCATION">/home/angeline/Documents/ECE544/Projects_ip/speaker/speaker.srcs/sources_1/new</xilinx:tag>
        <xilinx:tag xilinx:name="ui.data.coregen.dd@d7ba764_ARCHIVE_LOCATION">/home/angeline/Documents/ECE544/Projects_ip/speaker/speaker.srcs/sources_1/new</xilinx:tag>
        <xilinx:tag xilinx:name="ui.data.coregen.dd@4cc1fde4_ARCHIVE_LOCATION">/home/angeline/Documents/ECE544/Projects_ip/speaker/speaker.srcs/sources_1/new</xilinx:tag>
        <xilinx:tag xilinx:name="ui.data.coregen.dd@30302943_ARCHIVE_LOCATION">/home/angeline/Documents/ECE544/Projects_ip/speaker/speaker.srcs/sources_1/new</xilinx:tag>
        <xilinx:tag xilinx:name="ui.data.coregen.dd@8c47cc9_ARCHIVE_LOCATION">/home/angeline/Documents/ECE544/Projects_ip/speaker/speaker.srcs/sources_1/new</xilinx:tag>
        <xilinx:tag xilinx:name="ui.data.coregen.dd@3f309d79_ARCHIVE_LOCATION">/home/angeline/Documents/ECE544/Projects_ip/speaker/speaker.srcs/sources_1/new</xilinx:tag>
        <xilinx:tag xilinx:name="ui.data.coregen.dd@52a067c2_ARCHIVE_LOCATION">/home/angeline/Documents/ECE544/Projects_ip/speaker/speaker.srcs/sources_1/new</xilinx:tag>
        <xilinx:tag xilinx:name="ui.data.coregen.dd@bb547b6_ARCHIVE_LOCATION">/home/angeline/Documents/ECE544/Projects_ip/speaker/speaker.srcs/sources_1/new</xilinx:tag>
        <xilinx:tag xilinx:name="ui.data.coregen.dd@77833327_ARCHIVE_LOCATION">/home/angeline/Documents/ECE544/Projects_ip/speaker/speaker.srcs/sources_1/new</xilinx:tag>
        <xilinx:tag xilinx:name="ui.data.coregen.dd@c62b4ef_ARCHIVE_LOCATION">/home/angeline/Documents/ECE544/Projects_ip/speaker/speaker.srcs/sources_1/new</xilinx:tag>
        <xilinx:tag xilinx:name="ui.data.coregen.dd@6f459203_ARCHIVE_LOCATION">/home/angeline/Documents/ECE544/Projects_ip/speaker/speaker.srcs/sources_1/new</xilinx:tag>
        <xilinx:tag xilinx:name="ui.data.coregen.dd@165b78c9_ARCHIVE_LOCATION">/home/angeline/Documents/ECE544/Projects_ip/speaker/speaker.srcs/sources_1/new</xilinx:tag>
        <xilinx:tag xilinx:name="ui.data.coregen.dd@b9f2a8d_ARCHIVE_LOCATION">/home/angeline/Documents/ECE544/Projects_ip/speaker/speaker.srcs/sources_1/new</xilinx:tag>
        <xilinx:tag xilinx:name="ui.data.coregen.dd@354a11fe_ARCHIVE_LOCATION">/home/angeline/Documents/ECE544/Projects_ip/speaker/speaker.srcs/sources_1/new</xilinx:tag>
        <xilinx:tag xilinx:name="ui.data.coregen.dd@60643a4f_ARCHIVE_LOCATION">/home/angeline/Documents/ECE544/Projects_ip/speaker/speaker.srcs/sources_1/new</xilinx:tag>
        <xilinx:tag xilinx:name="ui.data.coregen.dd@6974f7a7_ARCHIVE_LOCATION">/home/angeline/Documents/ECE544/Projects_ip/speaker/speaker.srcs/sources_1/new</xilinx:tag>
        <xilinx:tag xilinx:name="ui.data.coregen.dd@46855d30_ARCHIVE_LOCATION">/home/angeline/Documents/ECE544/Projects_ip/speaker/speaker.srcs/sources_1/new</xilinx:tag>
        <xilinx:tag xilinx:name="ui.data.coregen.dd@626baf98_ARCHIVE_LOCATION">/home/angeline/Documents/ECE544/Projects_ip/speaker/speaker.srcs/sources_1/new</xilinx:tag>
        <xilinx:tag xilinx:name="ui.data.coregen.dd@7cfd947e_ARCHIVE_LOCATION">/home/angeline/Documents/ECE544/Projects_ip/speaker/speaker.srcs/sources_1/new</xilinx:tag>
        <xilinx:tag xilinx:name="ui.data.coregen.dd@ffc4baa_ARCHIVE_LOCATION">/home/angeline/Documents/ECE544/Projects_ip/speaker/speaker.srcs/sources_1/new</xilinx:tag>
        <xilinx:tag xilinx:name="ui.data.coregen.dd@4bf9fbec_ARCHIVE_LOCATION">/home/angeline/Documents/ECE544/Projects_ip/speaker/speaker.srcs/sources_1/new</xilinx:tag>
        <xilinx:tag xilinx:name="ui.data.coregen.dd@19a76ac2_ARCHIVE_LOCATION">/home/angeline/Documents/ECE544/Projects_ip/speaker/speaker.srcs/sources_1/new</xilinx:tag>
        <xilinx:tag xilinx:name="ui.data.coregen.dd@75c40fff_ARCHIVE_LOCATION">/home/angeline/Documents/ECE544/Projects_ip/speaker/speaker.srcs/sources_1/new</xilinx:tag>
        <xilinx:tag xilinx:name="ui.data.coregen.dd@513a5692_ARCHIVE_LOCATION">/home/angeline/Documents/ECE544/Projects_ip/speaker/speaker.srcs/sources_1/new</xilinx:tag>
        <xilinx:tag xilinx:name="ui.data.coregen.dd@28292229_ARCHIVE_LOCATION">/home/angeline/Documents/ECE544/Projects_ip/speaker/speaker.srcs/sources_1/new</xilinx:tag>
        <xilinx:tag xilinx:name="ui.data.coregen.dd@476ece4d_ARCHIVE_LOCATION">/home/angeline/Documents/ECE544/Projects_ip/speaker/speaker.srcs/sources_1/new</xilinx:tag>
        <xilinx:tag xilinx:name="ui.data.coregen.dd@7575a0f3_ARCHIVE_LOCATION">/home/angeline/Documents/ECE544/Projects_ip/speaker/speaker.srcs/sources_1/new</xilinx:tag>
        <xilinx:tag xilinx:name="ui.data.coregen.dd@74dbdd86_ARCHIVE_LOCATION">/home/angeline/Documents/ECE544/Projects_ip/speaker/speaker.srcs/sources_1/new</xilinx:tag>
        <xilinx:tag xilinx:name="ui.data.coregen.dd@48ee45b9_ARCHIVE_LOCATION">/home/angeline/Documents/ECE544/Projects_ip/speaker/speaker.srcs/sources_1/new</xilinx:tag>
        <xilinx:tag xilinx:name="ui.data.coregen.dd@782a71ef_ARCHIVE_LOCATION">/home/angeline/Documents/ECE544/Projects_ip/speaker/speaker.srcs/sources_1/new</xilinx:tag>
        <xilinx:tag xilinx:name="ui.data.coregen.dd@119887e4_ARCHIVE_LOCATION">/home/angeline/Documents/ECE544/Projects_ip/speaker/speaker.srcs/sources_1/new</xilinx:tag>
        <xilinx:tag xilinx:name="ui.data.coregen.dd@5dd9f4b2_ARCHIVE_LOCATION">/home/angeline/Documents/ECE544/Projects_ip/speaker/speaker.srcs/sources_1/new</xilinx:tag>
        <xilinx:tag xilinx:name="ui.data.coregen.dd@4638e19d_ARCHIVE_LOCATION">/home/angeline/Documents/ECE544/Projects_ip/speaker/speaker.srcs/sources_1/new</xilinx:tag>
        <xilinx:tag xilinx:name="ui.data.coregen.dd@4bf0bef_ARCHIVE_LOCATION">/home/angeline/Documents/ECE544/Projects_ip/speaker/speaker.srcs/sources_1/new</xilinx:tag>
        <xilinx:tag xilinx:name="ui.data.coregen.dd@53318014_ARCHIVE_LOCATION">/home/angeline/Documents/ECE544/Projects_ip/speaker/speaker.srcs/sources_1/new</xilinx:tag>
        <xilinx:tag xilinx:name="ui.data.coregen.dd@72e8ab21_ARCHIVE_LOCATION">/home/angeline/Documents/ECE544/Projects_ip/speaker/speaker.srcs/sources_1/new</xilinx:tag>
        <xilinx:tag xilinx:name="ui.data.coregen.dd@6858cef8_ARCHIVE_LOCATION">/home/angeline/Documents/ECE544/Projects_ip/speaker/speaker.srcs/sources_1/new</xilinx:tag>
        <xilinx:tag xilinx:name="ui.data.coregen.dd@5733632a_ARCHIVE_LOCATION">/home/angeline/Documents/ECE544/Projects_ip/speaker/speaker.srcs/sources_1/new</xilinx:tag>
        <xilinx:tag xilinx:name="ui.data.coregen.dd@2cbce0bc_ARCHIVE_LOCATION">/home/angeline/Documents/ECE544/Projects_ip/speaker/speaker.srcs/sources_1/new</xilinx:tag>
        <xilinx:tag xilinx:name="ui.data.coregen.dd@37595728_ARCHIVE_LOCATION">/home/angeline/Documents/ECE544/Projects_ip/speaker/speaker.srcs/sources_1/new</xilinx:tag>
        <xilinx:tag xilinx:name="ui.data.coregen.dd@39bd5c67_ARCHIVE_LOCATION">/home/angeline/Documents/ECE544/Projects_ip/speaker/speaker.srcs/sources_1/new</xilinx:tag>
        <xilinx:tag xilinx:name="ui.data.coregen.dd@1a9bdc70_ARCHIVE_LOCATION">/home/angeline/Documents/ECE544/Projects_ip/speaker/speaker.srcs/sources_1/new</xilinx:tag>
        <xilinx:tag xilinx:name="ui.data.coregen.dd@678e6ac4_ARCHIVE_LOCATION">/home/angeline/Documents/ECE544/Projects_ip/speaker/speaker.srcs/sources_1/new</xilinx:tag>
        <xilinx:tag xilinx:name="ui.data.coregen.dd@2fbb0b0e_ARCHIVE_LOCATION">/home/angeline/Documents/ECE544/Projects_ip/speaker/speaker.srcs/sources_1/new</xilinx:tag>
        <xilinx:tag xilinx:name="ui.data.coregen.dd@39afa453_ARCHIVE_LOCATION">/home/angeline/Documents/ECE544/Projects_ip/speaker/speaker.srcs/sources_1/new</xilinx:tag>
        <xilinx:tag xilinx:name="ui.data.coregen.dd@4b97eed1_ARCHIVE_LOCATION">/home/angeline/Documents/ECE544/Projects_ip/speaker/speaker.srcs/sources_1/new</xilinx:tag>
        <xilinx:tag xilinx:name="ui.data.coregen.dd@3f1b3c09_ARCHIVE_LOCATION">/home/angeline/Documents/ECE544/Projects_ip/speaker/speaker.srcs/sources_1/new</xilinx:tag>
        <xilinx:tag xilinx:name="ui.data.coregen.dd@5d63bc74_ARCHIVE_LOCATION">/home/angeline/Documents/ECE544/Projects_ip/speaker/speaker.srcs/sources_1/new</xilinx:tag>
        <xilinx:tag xilinx:name="ui.data.coregen.dd@147da438_ARCHIVE_LOCATION">/home/angeline/Documents/ECE544/Projects_ip/speaker/speaker.srcs/sources_1/new</xilinx:tag>
        <xilinx:tag xilinx:name="ui.data.coregen.dd@3e999d3b_ARCHIVE_LOCATION">/home/angeline/Documents/ECE544/Projects_ip/speaker/speaker.srcs/sources_1/new</xilinx:tag>
        <xilinx:tag xilinx:name="ui.data.coregen.dd@6ada57f3_ARCHIVE_LOCATION">/home/angeline/Documents/ECE544/Projects_ip/speaker/speaker.srcs/sources_1/new</xilinx:tag>
        <xilinx:tag xilinx:name="ui.data.coregen.dd@4ab40dec_ARCHIVE_LOCATION">/home/angeline/Documents/ECE544/Projects_ip/speaker/speaker.srcs/sources_1/new</xilinx:tag>
        <xilinx:tag xilinx:name="ui.data.coregen.dd@7131093b_ARCHIVE_LOCATION">/home/angeline/Documents/ECE544/Projects_ip/speaker/speaker.srcs/sources_1/new</xilinx:tag>
        <xilinx:tag xilinx:name="ui.data.coregen.dd@3df6cbfc_ARCHIVE_LOCATION">/home/angeline/Documents/ECE544/Projects_ip/speaker/speaker.srcs/sources_1/new</xilinx:tag>
        <xilinx:tag xilinx:name="ui.data.coregen.dd@2029fbe_ARCHIVE_LOCATION">/home/angeline/Documents/ECE544/Projects_ip/speaker/speaker.srcs/sources_1/new</xilinx:tag>
        <xilinx:tag xilinx:name="ui.data.coregen.dd@7d8dbe13_ARCHIVE_LOCATION">/home/angeline/Documents/ECE544/Projects_ip/speaker/speaker.srcs/sources_1/new</xilinx:tag>
        <xilinx:tag xilinx:name="ui.data.coregen.dd@514bf034_ARCHIVE_LOCATION">/home/angeline/Documents/ECE544/Projects_ip/speaker/speaker.srcs/sources_1/new</xilinx:tag>
        <xilinx:tag xilinx:name="ui.data.coregen.dd@355b13b9_ARCHIVE_LOCATION">/home/angeline/Documents/ECE544/Projects_ip/speaker/speaker.srcs/sources_1/new</xilinx:tag>
        <xilinx:tag xilinx:name="ui.data.coregen.dd@4e714ef0_ARCHIVE_LOCATION">/home/angeline/Documents/ECE544/Projects_ip/speaker/speaker.srcs/sources_1/new</xilinx:tag>
        <xilinx:tag xilinx:name="ui.data.coregen.dd@2d9fb8bd_ARCHIVE_LOCATION">/home/angeline/Documents/ECE544/Projects_ip/speaker/speaker.srcs/sources_1/new</xilinx:tag>
        <xilinx:tag xilinx:name="ui.data.coregen.dd@7e53bc86_ARCHIVE_LOCATION">/home/angeline/Documents/ECE544/Projects_ip/speaker/speaker.srcs/sources_1/new</xilinx:tag>
        <xilinx:tag xilinx:name="ui.data.coregen.dd@80b8ba6_ARCHIVE_LOCATION">/home/angeline/Documents/ECE544/Projects_ip/speaker/speaker.srcs/sources_1/new</xilinx:tag>
        <xilinx:tag xilinx:name="ui.data.coregen.dd@69834ca4_ARCHIVE_LOCATION">/home/angeline/Documents/ECE544/Projects_ip/speaker/speaker.srcs/sources_1/new</xilinx:tag>
        <xilinx:tag xilinx:name="ui.data.coregen.dd@7357d45_ARCHIVE_LOCATION">/home/angeline/Documents/ECE544/Projects_ip/speaker/speaker.srcs/sources_1/new</xilinx:tag>
        <xilinx:tag xilinx:name="ui.data.coregen.dd@2d477cff_ARCHIVE_LOCATION">/home/angeline/Documents/ECE544/Projects_ip/speaker/speaker.srcs/sources_1/new</xilinx:tag>
        <xilinx:tag xilinx:name="ui.data.coregen.dd@3ae6a458_ARCHIVE_LOCATION">/home/angeline/Documents/ECE544/Projects_ip/speaker/speaker.srcs/sources_1/new</xilinx:tag>
        <xilinx:tag xilinx:name="ui.data.coregen.dd@5c3f8998_ARCHIVE_LOCATION">/home/angeline/Documents/ECE544/Projects_ip/speaker/speaker.srcs/sources_1/new</xilinx:tag>
        <xilinx:tag xilinx:name="ui.data.coregen.dd@75f693a9_ARCHIVE_LOCATION">/home/angeline/Documents/ECE544/Projects_ip/speaker/speaker.srcs/sources_1/new</xilinx:tag>
        <xilinx:tag xilinx:name="ui.data.coregen.dd@53f2d975_ARCHIVE_LOCATION">/home/angeline/Documents/ECE544/Projects_ip/speaker/speaker.srcs/sources_1/new</xilinx:tag>
        <xilinx:tag xilinx:name="ui.data.coregen.dd@c3d27ca_ARCHIVE_LOCATION">/home/angeline/Documents/ECE544/Projects_ip/speaker/speaker.srcs/sources_1/new</xilinx:tag>
        <xilinx:tag xilinx:name="ui.data.coregen.dd@62ad6ac0_ARCHIVE_LOCATION">/home/angeline/Documents/ECE544/Projects_ip/speaker/speaker.srcs/sources_1/new</xilinx:tag>
        <xilinx:tag xilinx:name="ui.data.coregen.dd@652bf1af_ARCHIVE_LOCATION">/home/angeline/Documents/ECE544/Projects_ip/speaker/speaker.srcs/sources_1/new</xilinx:tag>
        <xilinx:tag xilinx:name="ui.data.coregen.dd@218bdd1_ARCHIVE_LOCATION">/home/angeline/Documents/ECE544/Projects_ip/speaker/speaker.srcs/sources_1/new</xilinx:tag>
        <xilinx:tag xilinx:name="ui.data.coregen.dd@b0a475_ARCHIVE_LOCATION">/home/angeline/Documents/ECE544/Projects_ip/speaker/speaker.srcs/sources_1/new</xilinx:tag>
        <xilinx:tag xilinx:name="ui.data.coregen.dd@189e1eed_ARCHIVE_LOCATION">/home/angeline/Documents/ECE544/Projects_ip/speaker/speaker.srcs/sources_1/new</xilinx:tag>
        <xilinx:tag xilinx:name="ui.data.coregen.dd@388ead25_ARCHIVE_LOCATION">/home/angeline/Documents/ECE544/Projects_ip/speaker/speaker.srcs/sources_1/new</xilinx:tag>
        <xilinx:tag xilinx:name="ui.data.coregen.dd@56fab552_ARCHIVE_LOCATION">/home/angeline/Documents/ECE544/Projects_ip/speaker/speaker.srcs/sources_1/new</xilinx:tag>
        <xilinx:tag xilinx:name="ui.data.coregen.dd@22e92e6b_ARCHIVE_LOCATION">/home/angeline/Documents/ECE544/Projects_ip/speaker/speaker.srcs/sources_1/new</xilinx:tag>
      </xilinx:tags>
    </xilinx:coreExtensions>
    <xilinx:packagingInfo>
      <xilinx:xilinxVersion>2018.3</xilinx:xilinxVersion>
      <xilinx:checksum xilinx:scope="busInterfaces" xilinx:value="1b77667c"/>
      <xilinx:checksum xilinx:scope="fileGroups" xilinx:value="cd636248"/>
      <xilinx:checksum xilinx:scope="ports" xilinx:value="ad9752f3"/>
      <xilinx:checksum xilinx:scope="hdlParameters" xilinx:value="f6c02a75"/>
      <xilinx:checksum xilinx:scope="parameters" xilinx:value="40548855"/>
    </xilinx:packagingInfo>
  </spirit:vendorExtensions>
</spirit:component>
